Countries and regions,Doses administered,Enough for % of people,given 1+ dose,fully vaccinated,Daily rate of doses administered
Global Total,6199443468,–,–,–,29152868
Mainland China,2203185000,78.7,78.6,73.0,3171286
India,876538633,32.0,46.7,16.8,7178901
EU,564029956,63.5,67.3,64.7,1052903
U.S.,391152574,61.1,64.4,55.8,701422
Brazil,233261963,56.5,71.3,41.9,1317163
Japan,161057159,63.8,69.5,58.2,1134065
Indonesia,139232210,26.1,32.9,18.4,1916012
Turkey,108761681,65.4,64.5,53.0,381129
Germany,107197993,64.5,67.9,64.2,194817
Mexico,99366403,38.9,49.8,35.0,536693
France,94250528,72.7,77.4,74.6,229555
U.K.,93565474,70.0,73.0,67.1,63126
England,78433951,69.7,72.7,66.7,54186
London,11208656,62.5,65.5,59.5,9693
Scotland,8017072,73.4,76.6,70.1,6099
Wales,4597106,72.9,75.3,70.5,1450
Northern Ireland,2517345,66.5,69.2,63.7,1337
Russia,89865316,30.6,32.6,28.5,214966
Italy,84351559,69.9,74.5,74.5,211345
Pakistan,79533208,19.4,28.3,13.4,670870
Spain,69936755,75.2,81.0,78.5,72816
South Korea,62462921,60.4,74.5,46.3,533067
Canada,56036106,74.7,76.2,70.6,105929
Ontario,21704159,74.7,76.4,70.9,38532
Quebec,13043281,76.8,78.1,74.1,20205
British Columbia,7812228,76.9,78.9,72.2,12378
Alberta,6031708,69.2,70.3,62.9,25522
Manitoba,1976138,72.3,74.1,69.5,2042
Saskatchewan,1549338,66.1,67.5,60.7,3684
Nova Scotia,1503065,77.6,79.7,73.7,2113
New Brunswick,1169428,75.4,76.8,69.6,3426
Newfoundland and Labrador,812005,77.5,80.8,72.9,1096
Prince Edward Island,252873,80.7,83.2,76.3,409
Northwest Territories,69242,76.7,66.2,61.9,81
Yukon,66211,80.2,79.0,75.2,53
Nunavut,46430,60.3,63.0,55.3,97
Argentina,51222138,57.0,65.7,48.3,222650
Thailand,46023016,33.1,42.4,22.8,640484
Philippines,44361285,20.7,23.5,19.2,369770
Iran,43372270,26.0,35.5,16.8,1368407
Malaysia,43028919,66.0,70.6,60.7,300427
Saudi Arabia,41886224,61.4,68.4,54.4,101318
Bangladesh,41466455,12.4,14.9,10.0,504273
Morocco,40273386,56.6,61.6,51.6,237441
Colombia,39701907,39.4,51.4,32.8,169329
Vietnam,39232772,20.3,32.1,8.6,621033
Poland,37158644,48.9,52.1,51.1,25851
Chile,31553676,82.6,78.5,73.8,109701
Australia,27109766,53.1,63.1,41.9,285221
Sri Lanka,26096107,59.8,66.0,53.3,167003
Peru,25912376,39.1,46.7,31.1,246687
Cambodia,23830570,72.2,79.6,66.0,213009
Netherlands,23540559,68.3,70.3,63.6,20051
Ecuador,20571335,59.6,64.2,57.0,16381
Cuba,20298170,89.6,79.8,43.6,270811
UAE,19963359,92.9,85.9,76.1,59157
Uzbekistan,18526941,27.9,29.4,11.1,155946
Ukraine,17867953,21.4,29.6,13.2,157673
South Africa,17176603,16.4,20.7,14.3,116932
Belgium,16644129,72.6,74.8,73.2,22185
Portugal,15950862,77.6,86.9,84.0,23657
Egypt,15057720,7.6,9.7,5.5,303446
Israel,14970627,82.7,67.3,62.1,29290
Taiwan,14763330,31.3,53.2,9.4,202336
Algeria,14082920,16.2,13.9,9.3,292376
Venezuela,14050000,25.3,31.6,18.9,246316
Kazakhstan,14013701,37.6,40.4,34.4,56369
Sweden,13703515,66.3,69.2,63.3,30188
Nepal,13166598,23.1,23.9,21.7,186712
Greece,12088975,56.4,59.9,56.6,22088
Dominican Republic,11828826,57.1,58.2,55.5,22374
Czech Republic,11788930,55.3,57.0,55.8,8874
Hungary,11167215,57.1,60.2,57.7,5617
Austria,10802266,61.0,64.5,60.9,9919
Switzerland,10358035,60.6,64.3,58.3,28480
Liechtenstein,46741,–,–,–,146
Romania,10114580,26.1,28.2,27.5,20423
Singapore,9306870,81.6,82.1,79.2,23733
Myanmar,9001616,8.5,10.5,6.6,163440
Denmark,8815419,75.9,76.7,75.1,4355
Hong Kong,8622733,57.3,59.5,55.2,28497
Azerbaijan,8350575,41.8,47.2,36.4,53286
Norway,7757255,72.4,77.2,67.6,17426
Finland,7523959,68.2,74.8,61.6,20879
Iraq,7448300,9.5,11.7,7.3,110874
Tunisia,7425277,31.5,40.5,29.0,36864
El Salvador,7396969,57.3,62.8,51.6,32549
Ireland,7200652,72.7,76.1,74.1,9025
Jordan,6960192,34.6,36.6,32.3,16091
Guatemala,6757605,19.2,24.9,13.1,73439
Bolivia,6700654,29.0,36.8,28.2,33238
Nigeria,6552979,1.6,2.3,0.9,59719
Serbia,6409263,46.0,43.4,41.4,15790
Uruguay,6214949,88.3,77.7,72.9,20806
Panama,5367816,63.6,69.7,57.5,16408
Costa Rica,5278479,52.0,64.5,39.5,12
Zimbabwe,5263782,17.7,20.5,14.8,31282
Honduras,5196072,26.6,32.8,20.4,46577
New Zealand,5087231,51.6,66.0,37.2,38574
Oman,4946987,59.0,69.1,48.9,38813
Slovakia,4762272,43.7,44.8,41.3,6412
Qatar,4702517,84.1,84.4,79.4,4415
Mongolia,4545348,68.9,68.3,64.5,16573
Paraguay,4488153,31.4,36.7,26.1,9935
Laos,4402770,30.7,39.1,26.7,9906
Tajikistan,3872421,20.8,24.8,16.8,70941
Rwanda,3740279,15.1,16.9,13.2,54654
Mozambique,3644423,5.8,6.1,5.6,54234
Kenya,3613357,3.8,5.7,1.9,30756
Ethiopia,3535329,1.8,2.9,0.8,50195
Croatia,3413174,42.0,44.5,41.7,6307
Belarus,3389520,17.9,19.8,16.0,26145
Lithuania,3199916,57.5,62.5,57.7,21363
Angola,3134137,5.2,7.1,3.3,44858
Afghanistan,3133227,4.2,2.6,1.2,765279
Lebanon,2929966,21.4,23.5,19.3,28922
Bahrain,2568320,86.5,78.4,75.0,3999
Bulgaria,2521738,18.1,17.3,19.0,5780
Kuwait,2380000,25.1,56.2,19.4,12990
Slovenia,2113404,52.1,54.1,48.1,6460
Uganda,2058553,2.6,4.1,1.0,90201
Ivory Coast,1968171,3.7,5.6,1.4,33239
Senegal,1784832,5.5,7.6,3.5,2395
Georgia,1760878,23.6,26.2,21.1,12798
Albania,1715133,29.9,32.7,27.0,8220
Guinea,1699898,6.2,8.5,3.9,41480
Ghana,1653422,2.7,2.9,2.5,3330
Sudan,1650828,1.9,1.5,1.3,21549
Mauritius,1633952,64.5,66.8,62.2,1155
Latvia,1621953,42.2,47.4,43.5,4283
Libya,1546967,11.8,20.7,2.8,11651
North Macedonia,1495762,36.0,37.6,34.3,5856
Kyrgyzstan,1422970,11.1,12.7,9.5,10359
Moldova,1392707,26.0,22.9,29.0,3561
Estonia,1361564,51.4,57.0,45.7,3361
Kosovo,1283840,35.7,43.3,28.1,15384
Cyprus,1147010,65.5,67.9,63.1,1090
Malawi,1087426,2.7,3.9,2.4,7915
Bhutan,1068414,71.7,77.1,66.3,3185
Bosnia and Herzegovina,1060145,16.1,19.2,12.9,7334
Trinidad and Tobago,1047111,37.5,41.5,34.4,3453
Togo,997632,6.2,7.4,5.0,23544
Fiji,975268,54.5,65.7,43.3,9017
Mauritania,890122,11.0,7.9,0.5,2813
Malta,818593,82.9,85.1,85.1,824
Nicaragua,788502,6.0,7.7,4.4,2155
Luxembourg,784482,63.9,68.1,65.1,592
Jamaica,743184,13.6,19.3,8.9,4756
Maldives,727664,97.8,105.3,90.3,759
Zambia,711264,1.9,1.8,2.1,6903
Timor-Leste,675891,26.1,32.8,19.4,3941
Macau,649564,47.8,51.2,44.6,4123
Niger,621853,1.3,1.7,0.4,9294
Botswana,606699,12.8,17.2,9.5,2729
Iceland,551110,77.2,78.8,77.2,1103
Guyana,538748,34.3,45.2,23.4,2082
Syria,533949,–,–,–,23498
Somalia,464359,1.5,1.7,1.4,9868
Cameroon,461201,0.9,1.5,0.3,995
Montenegro,452830,36.3,38.6,33.7,2132
Brunei,443676,48.2,58.7,37.8,5261
Madagascar,417648,0.8,0.7,0.7,5145
Cape Verde,414300,37.7,51.7,23.7,3741
Armenia,408535,6.9,8.9,4.8,5965
Namibia,407502,8.3,10.5,6.5,4761
Mali,405053,1.1,1.7,1.2,1460
Suriname,394029,33.0,37.8,28.2,2208
Tanzania,389807,0.3,–,–,5687
Equatorial Guinea,387510,14.2,16.4,12.1,2838
Comoros,336863,19.3,20.0,18.5,249
Lesotho,332954,8.1,12.2,11.7,6246
Republic of the Congo,329905,3.6,4.7,2.5,1525
Yemen,322934,0.5,1.0,0.1,244
Belize,304218,37.3,47.6,28.2,2922
Liberia,284246,3.1,2.3,0.6,9467
Burkina Faso,254545,0.6,1.2,0.8,8839
Eswatini,240002,10.8,18.7,18.1,888
Barbados,234124,40.8,46.1,35.5,1684
Sierra Leone,232375,1.5,2.4,0.5,805
Benin,226269,1.0,1.3,0.2,1696
Gambia,207195,4.4,7.8,7.3,357
Central African Republic,187160,2.0,3.0,0.2,212
Curaçao,186793,57.3,60.0,54.6,276
Bahamas,184461,24.2,30.0,18.4,210
Gabon,180320,4.3,4.9,3.8,1099
Papua New Guinea,164776,1.0,1.4,0.5,2517
Aruba,155753,69.5,72.5,66.6,150
Jersey,150891,–,–,–,80
Samoa,149431,37.2,49.3,25.0,981
Seychelles,148402,77.3,80.5,74.1,154
Chad,142548,0.4,0.7,0.2,2785
DR Congo,134945,0.1,0.1,0.1,432
Isle of Man,129318,76.1,77.0,75.1,30
Cayman Islands,110096,84.7,84.7,84.7,685
South Sudan,103751,0.4,0.6,0.2,996
Greenland,102357,89.8,124.5,64.5,300
Guernsey,101898,–,–,–,45
Solomon Islands,97744,7.6,11.6,3.6,2902
Andorra,95918,62.3,68.7,55.9,113
Guinea-Bissau,94715,2.7,4.9,0.4,3807
Antigua and Barbuda,89252,46.0,50.1,41.9,1048
Bermuda,86676,68.8,69.6,68.0,60
Sao Tome and Principe,82679,19.4,28.4,10.4,2420
Gibraltar,79502,116.9,117.4,116.4,30
St. Lucia,76224,21.2,25.0,17.3,495
Faroe Islands,74129,75.6,77.7,73.6,104
Tonga,73603,36.8,46.1,27.5,274
Micronesia,72085,34.7,41.6,–,266
Djibouti,67229,3.1,3.8,2.4,174
Haiti,64799,0.3,0.4,0.2,663
Grenada,55663,25.5,30.4,20.7,579
Turks & Caicos,52374,68.9,72.2,65.6,77
Monaco,49980,64.1,68.4,59.8,120
Sint Maarten,49310,58.7,61.2,56.2,22
Saint Kitts and Nevis,47098,41.3,44.2,38.5,31
San Marino,47088,69.2,71.8,71.8,9
Dominica,44624,31.4,33.3,29.6,82
Turkmenistan,41993,0.4,0.6,0.2,–
St. Vincent and the Grenadines,33077,15.0,18.2,11.9,113
Anguilla,18584,61.9,63.3,60.6,2
Nauru,14863,57.2,58.6,55.8,4
St. Helena,7892,65.8,72.7,58.9,8
Falkland Islands,4407,73.5,87.7,59.2,202
Montserrat,2871,28.7,29.7,27.8,2
Eritrea,–,–,–,–,–
